{"cameraMode":{"drawMode":0,"name":"Shaded","section":"Shading Mode"},"sceneLighting":true,"audioPlay":false,"sceneViewState":{"showFog":true,"showMaterialUpdate":false,"showSkybox":true,"showFlares":true,"showImageEffects":true,"showParticleSystems":true,"showVisualEffectGraphs":true,"m_FxEnabled":true},"in2DMode":false,"pivot":{"x":-121.77381896972656,"y":4.005773067474365,"z":6.674723148345947},"rotation":{"x":-0.058233149349689487,"y":0.1425076723098755,"z":0.02918551117181778,"w":0.9876636862754822},"size":1.2391841411590577,"orthographic":false}