{"cameraMode":{"drawMode":0,"name":"Shaded","section":"Shading Mode"},"sceneLighting":true,"audioPlay":false,"sceneViewState":{"showFog":true,"showMaterialUpdate":false,"showSkybox":true,"showFlares":true,"showImageEffects":true,"showParticleSystems":true,"showVisualEffectGraphs":true,"m_FxEnabled":true},"in2DMode":false,"pivot":{"x":-125.6230697631836,"y":5.592759609222412,"z":11.651351928710938},"rotation":{"x":0.1512216329574585,"y":0.009515766054391861,"z":-0.0014483709819614888,"w":0.988460898399353},"size":8.368277549743653,"orthographic":false}