{"cameraMode":{"drawMode":0,"name":"Shaded","section":"Shading Mode"},"sceneLighting":true,"audioPlay":false,"sceneViewState":{"showFog":true,"showMaterialUpdate":false,"showSkybox":true,"showFlares":true,"showImageEffects":true,"showParticleSystems":true,"showVisualEffectGraphs":true,"m_FxEnabled":true},"in2DMode":false,"pivot":{"x":-124.76995086669922,"y":4.610201835632324,"z":12.873417854309082},"rotation":{"x":0.020812667906284334,"y":0.9974947571754456,"z":0.06771788001060486,"w":-0.0033623669296503069},"size":1.0436055660247803,"orthographic":false}