{"cameraMode":{"drawMode":0,"name":"Shaded","section":"Shading Mode"},"sceneLighting":false,"audioPlay":false,"sceneViewState":{"showFog":true,"showMaterialUpdate":false,"showSkybox":false,"showFlares":true,"showImageEffects":true,"showParticleSystems":true,"showVisualEffectGraphs":true,"m_FxEnabled":true},"in2DMode":false,"pivot":{"x":-0.0005489716422744095,"y":0.0007741395384073257,"z":-0.00011587538756430149},"rotation":{"x":-0.11540867388248444,"y":0.2728482186794281,"z":-0.03295654430985451,"w":-0.9545580744743347},"size":0.0021133124828338625,"orthographic":false}