{"cameraMode":{"drawMode":0,"name":"Shaded","section":"Shading Mode"},"sceneLighting":false,"audioPlay":false,"sceneViewState":{"showFog":true,"showMaterialUpdate":false,"showSkybox":false,"showFlares":true,"showImageEffects":true,"showParticleSystems":true,"showVisualEffectGraphs":true,"m_FxEnabled":true},"in2DMode":false,"pivot":{"x":-118.75882720947266,"y":3.9562928676605226,"z":4.5373616218566898},"rotation":{"x":0.12433212995529175,"y":0.7847114205360413,"z":-0.12982329726219178,"w":0.5932313203811646},"size":0.06781435012817383,"orthographic":false}