{"cameraMode":{"drawMode":0,"name":"Shaded","section":"Shading Mode"},"sceneLighting":false,"audioPlay":false,"sceneViewState":{"showFog":true,"showMaterialUpdate":false,"showSkybox":false,"showFlares":true,"showImageEffects":true,"showParticleSystems":true,"showVisualEffectGraphs":true,"m_FxEnabled":true},"in2DMode":false,"pivot":{"x":0.0016040802001953126,"y":-0.0015511512756347657,"z":0.0099639892578125},"rotation":{"x":0.1177702471613884,"y":0.8664057850837708,"z":-0.24287371337413789,"w":0.42010965943336489},"size":0.13162745535373689,"orthographic":false}