{"cameraMode":{"drawMode":0,"name":"Shaded","section":"Shading Mode"},"sceneLighting":false,"audioPlay":false,"sceneViewState":{"showFog":true,"showMaterialUpdate":false,"showSkybox":false,"showFlares":true,"showImageEffects":true,"showParticleSystems":true,"showVisualEffectGraphs":true,"m_FxEnabled":true},"in2DMode":false,"pivot":{"x":2.578732490539551,"y":-0.16395270824432374,"z":0.07097814977169037},"rotation":{"x":0.29717931151390078,"y":0.6659620404243469,"z":-0.2851496636867523,"w":0.6219924688339233},"size":0.6531797647476196,"orthographic":false}