{"cameraMode":{"drawMode":0,"name":"Shaded","section":"Shading Mode"},"sceneLighting":false,"audioPlay":false,"sceneViewState":{"showFog":true,"showMaterialUpdate":false,"showSkybox":false,"showFlares":true,"showImageEffects":true,"showParticleSystems":true,"showVisualEffectGraphs":true,"m_FxEnabled":true},"in2DMode":false,"pivot":{"x":0.0037755966186523439,"y":0.36635351181030276,"z":-0.010850489139556885},"rotation":{"x":0.1177702471613884,"y":0.8664057850837708,"z":-0.24287371337413789,"w":0.42010965943336489},"size":0.46988046169281008,"orthographic":false}